{
  "AWSTemplateFormatVersion": "2010-09-09",
  "Description": "Template to launch an Amazon Linux instance.",

  "Parameters": {
    "KeyName": {
      "Type": "String",
      "Default": "privatekey"
    },
    "SecurityGroup": {
    "Type": "String",
    "Default" : "securitygroup"
    },
    "SubnetId": {
    "Type": "String",
    "Default": "subnet"
    }
  },
  "Mappings" :
    {
    "RegionMap" : {
      "us-east-1"      : { "AMI" : "ami-55ef662f" },
      "us-west-2"      : { "AMI" : "ami-0358ce33" },
      "us-west-1"      : { "AMI" : "ami-3ffed17a" },
      "eu-west-1"      : { "AMI" : "ami-c7c0d6b3" },
      "ap-southeast-1" : { "AMI" : "ami-fade91a8" },
      "ap-southeast-2" : { "AMI" : "ami-d16bfbeb" },
      "ap-northeast-1" : { "AMI" : "ami-39b23d38" },
      "sa-east-1"      : { "AMI" : "ami-5253894f" }
    }
  },

  "Resources" :
  {
    "Ec2Instance" :
    {
      "Type" : "AWS::EC2::Instance",
      "Properties" :
      {
        "ImageId" : { "Fn::FindInMap" : [ "RegionMap", { "Ref" : "AWS::Region" }, "AMI" ]},
        "KeyName": { "Ref": "KeyName" },
        "InstanceType" : "m1.small",
        "NetworkInterfaces" : [{
          "GroupSet"                 : [{ "Ref" : "SecurityGroup" }],
          "DeviceIndex"              : "0",
          "DeleteOnTermination"      : "true",
          "SubnetId"                 : { "Ref" : "SubnetId" },
          "DeleteOnTermination": "true",
           "AssociatePublicIpAddress": "true"
        }],
          "UserData" : { "Fn::Base64" : {"Fn::Join" : ["", [
      "#!/bin/bash\n",
      "yum update -y\n",
      "yum install -y docker\n",
      "service docker start\n",
      "chkconfig docker on\n",
      "docker run -d --rm -e GERU_PASS=10bdfabd54f47a3f4e6b6b9e3f0061b3 -p 80:80 reinaldopinto/devops-challenge"
    ]]}}
      }
    }
  },
  "Outputs" : {
    "InstanceId" : {
      "Description" : "InstanceId of the newly created EC2 instance",
      "Value" : { "Ref" : "Ec2Instance" }
    },
    "AZ" : {
      "Description" : "Availability Zone of the newly created EC2 instance",
      "Value" : { "Fn::GetAtt" : [ "Ec2Instance", "AvailabilityZone" ] }
    },
    "PublicIP" : {
      "Description" : "Public IP address of the newly created EC2 instance",
      "Value" : { "Fn::GetAtt" : [ "Ec2Instance", "PublicIp" ] }
    }
  }
}
