{
  "AWSTemplateFormatVersion" : "2010-09-09",

  "Description" : "VPC com 1 subrede.",

  "Parameters" : {

    "CorporateCidrIp" : {
      "Description" : "Ip que podera acessar pela rede publica",
      "Type" : "String",
      "Default" :  "0.0.0.0/0"
    },

    "VPCCidrIP" : {
      "Description" : "Rede do VPC (Essa rede deve abranger todas as subredes)",
      "Type" : "String",
      "Default" :  "10.0.0.0/16"
    },

    "PublicSubnet1CidrIP" : {
      "Description" : "Subrede Publica 1 (deve estar dentro da rede VPC)",
      "Type" : "String",
      "Default" :  "10.0.0.0/24"
    }
 },

  "Resources" : {
     "VPC" : {
      "Type" : "AWS::EC2::VPC",
      "Properties" : {
        "CidrBlock" : { "Ref" : "VPCCidrIP" }
      }
    },

    "InternetGateway" : {
      "Type" : "AWS::EC2::InternetGateway",
      "Properties" : {
      }
    },

    "AttachGateway" : {
       "Type" : "AWS::EC2::VPCGatewayAttachment",
       "Properties" : {
         "VpcId" : { "Ref" : "VPC" },
         "InternetGatewayId" : { "Ref" : "InternetGateway" }
       }
    },

    "PublicSubnet1" : {
      "Type" : "AWS::EC2::Subnet",
      "Properties" : {
        "VpcId" : { "Ref" : "VPC" },
        "CidrBlock" : { "Ref" : "PublicSubnet1CidrIP" },
        "AvailabilityZone" : { "Fn::Select" : [ "0", { "Fn::GetAZs" : "" } ] }
      }
    },


    "PublicRouteTable" : {
      "Type" : "AWS::EC2::RouteTable",
      "Properties" : {
        "VpcId" : {"Ref" : "VPC"}
      }
    },


    "PublicRoute" : {
      "Type" : "AWS::EC2::Route",
      "Properties" : {
        "RouteTableId" : { "Ref" : "PublicRouteTable" },
        "DestinationCidrBlock" : "0.0.0.0/0",
        "GatewayId" : { "Ref" : "InternetGateway" }
      }
    },


    "PublicSubnetRouteTableAssociation1" : {
      "Type" : "AWS::EC2::SubnetRouteTableAssociation",
      "Properties" : {
        "SubnetId" : { "Ref" : "PublicSubnet1" },
        "RouteTableId" : { "Ref" : "PublicRouteTable" }
      }
    },

    "PublicSubnetAcl" : {
      "Type" : "AWS::EC2::NetworkAcl",
      "Properties" : {
        "VpcId" : {"Ref" : "VPC"}
      }
    },

    "PublicInSubnetAclEntry" : {
      "Type" : "AWS::EC2::NetworkAclEntry",
      "Properties" : {
        "NetworkAclId" : {"Ref" : "PublicSubnetAcl"},
        "RuleNumber" : "32000",
        "Protocol" : "-1",
        "RuleAction" : "allow",
        "Egress" : "false",
        "CidrBlock" : "0.0.0.0/0",
        "Icmp" : { "Code" : "-1", "Type" : "-1"},
        "PortRange" : {"From" : "1", "To" : "65535"}
      }
    },

    "PublicOutSubnetAclEntry" : {
      "Type" : "AWS::EC2::NetworkAclEntry",
      "Properties" : {
        "NetworkAclId" : {"Ref" : "PublicSubnetAcl"},
        "RuleNumber" : "32000",
        "Protocol" : "-1",
        "RuleAction" : "allow",
        "Egress" : "true",
        "CidrBlock" : "0.0.0.0/0",
        "Icmp" : { "Code" : "-1", "Type" : "-1"},
        "PortRange" : {"From" : "1", "To" : "65535"}
      }
    },


    "PublicSubnetAclAssociation1" : {
      "Type" : "AWS::EC2::SubnetNetworkAclAssociation",
      "Properties" : {
        "SubnetId" : { "Ref" : "PublicSubnet1" },
        "NetworkAclId" : {"Ref" : "PublicSubnetAcl"}
      }
    },

    "PublicSG" : {
      "Type" : "AWS::EC2::SecurityGroup",
      "Properties" : {
        "GroupDescription" : "Servers in the Public Subnets",
        "VpcId" : {"Ref" : "VPC"},
        "SecurityGroupIngress" : [
          { "IpProtocol" : "tcp", "FromPort" : "22", "ToPort" : "22", "CidrIp" : { "Ref" : "CorporateCidrIp" } },
          { "IpProtocol" : "tcp", "FromPort" : "80", "ToPort" : "80", "CidrIp" : { "Ref" : "CorporateCidrIp" } },
          { "IpProtocol" : "icmp", "FromPort" : "-1", "ToPort" : "-1", "CidrIp" : { "Ref" : "CorporateCidrIp" } }
        ]
      }
    }

  },

  "Outputs" : {

    "VPC" : {
      "Description" : "VPC",
      "Value" : {"Ref" : "VPC"}
    },

    "PublicSubnets" : {
      "Description" : "Public Subnets",
      "Value" : { "Fn::Join":["", [
			{"Ref" : "PublicSubnet1" }
        ]]}
    },

    "PublicSG" : {
      "Description" : "PublicSG",
      "Value" : { "Fn::Join":["", [
			{"Ref" : "PublicSG" }
        ]]}
    }

  }


}
